{"accounts":{"5c75800b-8804-4eab-ac43-5c79768a4f29":{"name":"kjlkj","position":"KJKJKJ","email":"kjkj","password":"kjkj","confirmPassword":"kjkj","companyName":"jkjkj","phone":"jkjk","address1":"jkjkj","zip":"jkjk","city":"jkjk","state":"jkjk","country":"jkjk","verticalPosition":"jkjkj","experiences":"jkjk","measureSuccess":"jkj","id":"5c75800b-8804-4eab-ac43-5c79768a4f29"}},"campaign":{"0a5300b6-e4d4-42f6-b8c4-a0a95281281c":{"tags":[],"verticals":[{"name":"Fashion/Apparel"},{"name":"Baby"},{"name":"Pets"},{"name":"Health"},{"name":"Food"},{"name":"Fitness"},{"name":"Sports"},{"name":"Beauty/Cosmetics"},{"name":"Tech","checked":true},{"name":"Jewelry/Acessories","checked":true},{"name":"CPG"}],"brand":"1","id":"0a5300b6-e4d4-42f6-b8c4-a0a95281281c"},"3737c04e-ce03-46d8-a92e-04b4b4451043":{"tags":[],"verticals":"Fitness,Tech","id":"3737c04e-ce03-46d8-a92e-04b4b4451043"},"31e025ca-6e8a-40af-9047-4cb242ebfd3b":{"tags":[],"verticals":["Jewelry/Acessories","CPG"],"brand":"1","id":"31e025ca-6e8a-40af-9047-4cb242ebfd3b"},"332a15f5-e7fe-40fa-aa4a-2e0df93f80c5":{"tags":[],"verticals":[{"name":"Fashion/Apparel"},{"name":"Baby"},{"name":"Pets"},{"name":"Health"},{"name":"Food"},{"name":"Fitness","checked":true},{"name":"Sports"},{"name":"Beauty/Cosmetics"},{"name":"Tech","checked":true},{"name":"Jewelry/Acessories"},{"name":"CPG"}],"id":"332a15f5-e7fe-40fa-aa4a-2e0df93f80c5"},"a031077b-fd60-4fe9-8017-95d5a6cdc79c":{"tags":[],"verticals":["Fitness","Tech","Jewelry/Acessories"],"id":"a031077b-fd60-4fe9-8017-95d5a6cdc79c"}}}